{"train_chart/image_loss":59.595497131347656,"train_chart/bit_acc":0.5135714285714286,"_step":1,"train_chart/lpips_loss":0.9928209185600281,"train_chart/secret_loss":0.7088123559951782,"_timestamp":1.7512675882351503e+09,"train_chart/psnr":6.731346607208252,"train_chart/str_acc":0,"_wandb":{"runtime":5},"train_chart/loss_gan":0.33183059096336365,"_runtime":5.162085446,"train_chart/loss":0.7088123559951782}