{"_timestamp":1.7512677946823952e+09,"train_chart/image_loss":59.59563446044922,"train_chart/str_acc":0,"_wandb":{"runtime":5},"train_chart/lpips_loss":0.9928329586982727,"train_chart/secret_loss":0.7088123559951782,"_runtime":5.422002074,"_step":1,"train_chart/loss":0.7088123559951782,"train_chart/loss_gan":0.33183130621910095,"train_chart/psnr":6.731351375579834,"train_chart/bit_acc":0.5135714285714286}