{"train_chart/secret_loss":0.70881187915802,"train_chart/str_acc":0,"train_chart/psnr":6.731349468231201,"_wandb":{"runtime":5},"train_chart/image_loss":59.59537887573242,"train_chart/bit_acc":0.5135714285714286,"train_chart/lpips_loss":0.9928158521652222,"_runtime":5.272333343,"_step":1,"train_chart/loss":0.70881187915802,"train_chart/loss_gan":0.3318266272544861,"_timestamp":1.7512666927527392e+09}