{"train_chart/loss_gan":0.125003382563591,"_runtime":3060.046999654,"_wandb":{"runtime":3060},"train_chart/image_loss":17.613155364990234,"train_chart/loss":0.11942051351070404,"_timestamp":1.751277698512045e+09,"train_chart/str_acc":0.2142857142857143,"train_chart/psnr":6.75051736831665,"train_chart/secret_loss":0.11942051351070404,"train_chart/bit_acc":0.9885714285714285,"train_chart/lpips_loss":0.8695984482765198,"_step":999}