{"train_chart/bit_acc":0.5135714285714286,"train_chart/secret_loss":0.7088121771812439,"_timestamp":1.751267760715128e+09,"_runtime":5.4479002659999995,"train_chart/psnr":6.731332778930664,"train_chart/str_acc":0,"train_chart/image_loss":59.59568786621094,"train_chart/lpips_loss":0.9928115010261536,"train_chart/loss":0.7088121771812439,"train_chart/loss_gan":0.3318265676498413,"_step":1,"_wandb":{"runtime":5}}